<?xml version="1.0" encoding="UTF-8" standalone="yes"?>
<addon id="plugin.video.ulozto" name="Ulož.to Disk" version="1.0.0" provider-name="Jan Kofroň">
  <requires>
    <import addon="xbmc.python" version="3.0.1" />
    <import addon="xbmc.gui" version="5.17.0" />
    <import addon="script.module.requests" version="2.31.0"/>
  </requires>
  <extension point="xbmc.python.pluginsource" library="addon.py">
    <provides>video</provides>
  </extension>
  <extension point="xbmc.addon.metadata">
    <reuselanguageinvoker>true</reuselanguageinvoker>
    <summary lang="cs_cz">Přehrávač soukromého disku Ulož.to</summary>
    <description lang="cs_cz">Umožňuje prohlížet a přehrávat filmy na disku Ulož.to.</description>
    <disclaimer lang="cs_cz">No warranty whatsoever</disclaimer>
    <summary lang="en">Ulož.to Disk player</summary>
    <description lang="en">Allows playing videos from a private Ulož.to Disk.</description>
    <disclaimer lang="en">No warranty whatsoever</disclaimer>
    <platform>all</platform>
    <license>GPL-2.0-or-later</license>
    <email>jan.kofron@gmail.com</email> <!-- may be omitted -->
    <assets>
        <icon>resources/icon.png</icon>
    </assets>
  </extension>
</addon>

